"","t","estimate","conf.low","conf.high","method"
"1",-3,-0.449545234657595,-2.18450628039735,1.28541581108215,"twfe"
"2",-2,-1.96991837248891,-3.77576830081883,-0.164068444158988,"twfe"
"3",-1,-2.61115193150745,-4.6484563839734,-0.573847479041496,"twfe"
"4",0,-0.576717020764129,-2.78636537944152,1.63293133791326,"twfe"
"5",1,0.977924982235209,-1.64595645752943,3.60180642199985,"twfe"
"6",2,8.72573479097935,5.64975654851297,11.8017130334457,"twfe"
"7",-999,0,0,0,"twfe"
"8",-4,0,0,0,"twfe"
