"","t","estimate","conf.low","conf.high","method"
"1",-1,-0.718678560805746,-1.79939831721372,0.362041195602228,"twfe"
"2",0,1.43742053435755,0.184348778200575,2.69049229051453,"twfe"
"3",1,3.12874340847618,1.37440441143817,4.88308240551419,"twfe"
"4",2,10.8188473308296,8.59977098764348,13.0379236740158,"twfe"
"5",-999,0,0,0,"twfe"
"6",-2,0,0,0,"twfe"
