"","t","estimate","conf.low","conf.high","method"
"1",-1,-0.360001437020069,-1.72989253989892,1.00988966585879,"CS"
"2",0,1.77613591377288,0.318115616654886,3.23415621089087,"CS"
"3",1,2.99357102059384,0.628460552495018,5.35868148869267,"CS"
"4",2,10.8751574002856,7.60323126380679,14.1470835367644,"CS"
"5",-2,0,0,0,"CS"
"6",-999,0,0,0,"CS"
