"","t","estimate","conf.low","conf.high","method"
"1",-1,-0.363528192740236,-1.76199851434923,1.03494212886876,"stacked"
"2",0,1.39323952496199,-0.0162135910493464,2.80269264097332,"stacked"
"3",1,2.76308174942295,1.03886650105997,4.48729699778593,"stacked"
"4",2,9.97946212204618,7.79658043535588,12.1623438087365,"stacked"
"5",-2,0,0,0,"stacked"
"6",-999,0,0,0,"stacked"
