"","t","estimate","conf.low","conf.high","method"
"1",-1,0.379550776653969,-1.39715229148167,2.1562538447896,"twfe"
"2",0,4.15625078977894,1.1328359221999,7.17966565735799,"twfe"
"3",-3,0,0,0,"twfe"
"4",-2,0,0,0,"twfe"
